config,fold,ep_0,ep_1,ep_2,ep_3,ep_4,ep_5,ep_6,ep_7,ep_8,ep_9,ep_10,ep_11,ep_12,ep_13,ep_14,ep_15,ep_16,ep_17,ep_18,ep_19,ep_20,ep_21,ep_22,ep_23,ep_24,ep_25,ep_26,ep_27,ep_28,ep_29,ep_30,ep_31,ep_32,ep_33,ep_34,ep_35,ep_36,ep_37,ep_38,ep_39,ep_40,ep_41,ep_42,ep_43,ep_44,ep_45,ep_46,ep_47,ep_48,ep_49
layers:32+32-learn_rate:0.001-batch_size:128-dropout_rate:0.5-bathcnorm:True,0,0.577188428970363,0.6235586884064499,0.6779017656067021,0.7245574722997928,0.762612602468246,0.7888681199891903
layers:32+32-learn_rate:0.001-batch_size:128-dropout_rate:0.5-bathcnorm:True,1,0.6446848347324532,0.7207174075854283,0.7301595108483027,0.7867294128167581,0.8091212930774303,0.8228613585808342
layers:32+32-learn_rate:0.001-batch_size:128-dropout_rate:0.5-bathcnorm:True,2,0.6125719587306202,0.6606264182157586,0.6850381730586512,0.7200310749935726,0.7573853410983558,0.7785951420171917
