config,ep_0,ep_1,ep_2,ep_3,ep_4
layers:32+32-learn_rate:0.001-batch_size:128-dropout_rate:0.5-bathcnorm:True,0,0.7883479320478963,0.795167600334233,0.7987339532171014,0.7991454048546249,0.8007417417136311
layers:64+64-learn_rate:0.001-batch_size:128-dropout_rate:0.5-bathcnorm:True,0,0.7944274337887897,0.8006663762527149,0.8032580359998053,0.8064174446787467,0.8073051371179807
layers:128+64+32-learn_rate:0.001-batch_size:128-dropout_rate:0.5-bathcnorm:True,0,0.7950041441232243,0.8018516065564795,0.8056461863539148,0.8079878392328982,0.8092111992526196
layers:32+32-learn_rate:0.001-batch_size:128-dropout_rate:0.5-bathcnorm:True,1,0.7948746387262011,0.7990155654737742,0.8006621263285116,0.8043668746109394,0.8054497507841717
layers:64+64-learn_rate:0.001-batch_size:128-dropout_rate:0.5-bathcnorm:True,1,0.7977892126089846,0.8015904688195695,0.8041404656689386,0.8061018147779052,0.8081073324108087
layers:128+64+32-learn_rate:0.001-batch_size:128-dropout_rate:0.5-bathcnorm:True,1,0.7968793180019437,0.8024352784023553,0.805448325629041,0.8054366929338213,0.808492717037818
layers:32+32-learn_rate:0.001-batch_size:128-dropout_rate:0.5-bathcnorm:True,2,0.7920584787837096,0.8006019121013357,0.8016417149579278,0.8033834293379223,0.8041247848035749
layers:64+64-learn_rate:0.001-batch_size:128-dropout_rate:0.5-bathcnorm:True,2,0.7973872051985857,0.80177534184295,0.805216555344823,0.8072876773491332,0.8068742644882472
layers:128+64+32-learn_rate:0.001-batch_size:128-dropout_rate:0.5-bathcnorm:True,2,0.7974950472410469,0.8027812550844193,0.8052143413816871,0.8089647413323253,0.8099694589592014
