config,ep_0,ep_1,ep_2,ep_3,ep_4
layers:32+32-learn_rate:0.001-batch_size:128-dropout_rate:0.5-bathcnorm:True,0,0.7938264882469439,0.8015688421331535,0.8048386798155028,0.8053399731861656,0.8077831932339501
layers:64+64-learn_rate:0.001-batch_size:128-dropout_rate:0.5-bathcnorm:True,0,0.7981270778593939,0.8051030064398593,0.8077566821762049,0.8113537410210647,0.8134302737097623
layers:128+64+32-learn_rate:0.001-batch_size:128-dropout_rate:0.5-bathcnorm:True,0,0.8001463229871381,0.8072009175484516,0.8120361202156947,0.8144751971296531,0.8165145753610302
layers:32+32-learn_rate:0.001-batch_size:128-dropout_rate:0.5-bathcnorm:True,1,0.7957849154879926,0.8003797352997349,0.802654192181599,0.8066508165630671,0.8077903645702252
layers:64+64-learn_rate:0.001-batch_size:128-dropout_rate:0.5-bathcnorm:True,1,0.8001626121836836,0.8052662834472027,0.8082028022557428,0.8105502334050556,0.8134313783846927
layers:128+64+32-learn_rate:0.001-batch_size:128-dropout_rate:0.5-bathcnorm:True,1,0.7995338467644787,0.8074960029504009,0.8113708894451337,0.811260148059562,0.8148996066263637
layers:32+32-learn_rate:0.001-batch_size:128-dropout_rate:0.5-bathcnorm:True,2,0.7943670331801509,0.8029923325136548,0.8044599089584961,0.8068257114974978,0.8073845560840496
layers:64+64-learn_rate:0.001-batch_size:128-dropout_rate:0.5-bathcnorm:True,2,0.7998779976579883,0.8053715341681387,0.8103382089446118,0.813080634748613,0.8124611198704917
layers:128+64+32-learn_rate:0.001-batch_size:128-dropout_rate:0.5-bathcnorm:True,2,0.7986832211415122,0.80520622468437,0.8077341259017281,0.8130937436291872,0.8145618458590274
