config,fold,ep_0,ep_1,ep_2,ep_3,ep_4,ep_5,ep_6,ep_7,ep_8,ep_9,ep_10,ep_11,ep_12,ep_13,ep_14,ep_15,ep_16,ep_17,ep_18,ep_19,ep_20,ep_21,ep_22,ep_23,ep_24,ep_25,ep_26,ep_27,ep_28,ep_29
layers:32+32-learn_rate:0.001-batch_size:128-dropout_rate:0.5-bathcnorm:True,0,0.5552574092424106,0.6739426628231691,0.7348369516259796,0.7760731015223853,0.8085983244752725,0.8490924241059364,0.8634357265111251,0.8813023601477344,0.8943642464642825,0.9013985226556165,0.9207875416629132,0.9380984821187281,0.941212503378074,0.9507003873524908,0.9529704531123322,0.9526022430411674
layers:32+32-learn_rate:0.001-batch_size:128-dropout_rate:0.5-bathcnorm:True,1,0.5563597545299068,0.6372430444551257,0.6919998658633371,0.7435832373883591,0.7928516336727738,0.8106873386168275,0.8271380825164037,0.8393909077698662,0.8616961581024134,0.8877857390371223,0.8909223013380132,0.9091514738265837,0.9127072131990476,0.9110025597746504,0.9253462402611194,0.9345413085031467
layers:32+32-learn_rate:0.001-batch_size:128-dropout_rate:0.5-bathcnorm:True,2,0.5857032673455472,0.6746671734051709,0.706825320530734,0.7406232883602912,0.7723410201093213,0.8058718324185957,0.8201316774907502,0.8386112384167402,0.8447781714937235,0.8519757212640144,0.8694559640513744,0.8812812286918321,0.894270128882977,0.8987570002570952,0.9067817261152905,0.9123506332368294
