config,fold,ep_0,ep_1,ep_2,ep_3,ep_4,ep_5,ep_6,ep_7,ep_8,ep_9,ep_10,ep_11,ep_12,ep_13,ep_14,ep_15,ep_16,ep_17,ep_18,ep_19,ep_20,ep_21,ep_22,ep_23,ep_24,ep_25,ep_26,ep_27,ep_28,ep_29
layers:32+32-learn_rate:0.001-batch_size:128-dropout_rate:0.5-bathcnorm:True,0,0.6373304924872939,0.663444081940653,0.6809197239052756,0.6954657433917039,0.6955900304059303,0.7067359122888786,0.7167277004682957,0.7203586568124819,0.7178817941718268,0.7171848991277716,0.7175044943072109,0.7201411545375856,0.7197682934949065,0.7258805513016845,0.7291608407128748,0.7292185453980513
layers:32+32-learn_rate:0.001-batch_size:128-dropout_rate:0.5-bathcnorm:True,0,0.5540759482433362,0.598650598131256,0.6423286059879708,0.6903122711232438,0.7081030694453693,0.7267061721819028,0.7297245710988305,0.7360232594269481,0.7390105865903189,0.7355305501919791,0.7431697627449675,0.7499922320616108,0.7424551124131655,0.736467141620614,0.735557183123599,0.7342699247619682
layers:32+32-learn_rate:0.001-batch_size:128-dropout_rate:0.5-bathcnorm:True,1,0.4970408071344924,0.5878209170345015,0.6270696333663633,0.620313485271597,0.6518624448247906,0.6598459598234394,0.6642824970723359,0.6542518692009729,0.6679848662282676,0.6848797405639131,0.6841816052607873,0.6861994414917574,0.6911674623907756,0.6699666696693991,0.6686559769390145,0.675952616881362
layers:32+32-learn_rate:0.001-batch_size:128-dropout_rate:0.5-bathcnorm:True,2,0.5763624898657779,0.5976893973515899,0.6300243221331412,0.6726601207098459,0.688613638410954,0.6895234663543824,0.7044230249527069,0.6991847581298982,0.7093009638771282,0.7190838663183498,0.7119538780290063,0.7207548869471219,0.7210296369696425,0.7186469687415549,0.7095441852085398,0.7162958292045761
