config,fold,ep_0,ep_1,ep_2,ep_3,ep_4,ep_5,ep_6,ep_7,ep_8,ep_9,ep_10,ep_11,ep_12,ep_13,ep_14,ep_15,ep_16,ep_17,ep_18,ep_19,ep_20,ep_21,ep_22,ep_23,ep_24,ep_25,ep_26,ep_27,ep_28,ep_29
layers:32+32-learn_rate:0.001-batch_size:128-dropout_rate:0.5-bathcnorm:True,0,0.5863638410953967,0.6991982704260876,0.7437933519502749,0.786864922079092,0.8100790469327088,0.8231189757679488,0.8485530582830375,0.8643703269975679,0.8803519953157373,0.8988221781821457,0.9074373930276551,0.8986673497883074,0.9167158364111342,0.9290052697955139,0.9362202729483831,0.9403004233852805
layers:32+32-learn_rate:0.001-batch_size:128-dropout_rate:0.5-bathcnorm:True,1,0.6757100859592449,0.7540917271213154,0.7935681470137825,0.7984082449335465,0.8056628027855713,0.834354634980606,0.8531114116765965,0.8676808888789528,0.8869362068387342,0.9060529169135154,0.9224891293412772,0.9335028671711696,0.9345211880037112,0.9435005197795687,0.9473357105330815,0.9494796615284873
layers:32+32-learn_rate:0.001-batch_size:128-dropout_rate:0.5-bathcnorm:True,2,0.6138999116933636,0.684119336917763,0.7244760286605336,0.7708934619554889,0.799443332848951,0.8122634444059423,0.8305798057253999,0.847516795028001,0.8598696638758789,0.8628352019315679,0.8726148824627491,0.8856686153742972,0.9008696526978236,0.9120119381629985,0.920090318686355,0.9266551905299517
