config,fold,ep_0,ep_1,ep_2,ep_3,ep_4,ep_5,ep_6,ep_7,ep_8,ep_9,ep_10,ep_11,ep_12,ep_13,ep_14,ep_15,ep_16,ep_17,ep_18,ep_19,ep_20,ep_21,ep_22,ep_23,ep_24,ep_25,ep_26,ep_27,ep_28,ep_29
layers:32+32-learn_rate:0.001-batch_size:128-dropout_rate:0.5-bathcnorm:True,0,0.6149091298081253,0.6966253040266643,0.7532114223943789,0.7911111611566525,0.8099608143410504,0.8377533555535538,0.8504954508602829
layers:32+32-learn_rate:0.001-batch_size:128-dropout_rate:0.5-bathcnorm:True,1,0.6527593029364751,0.6994690423760075,0.743250131342149,0.7933367612702741,0.8172320899609885,0.8381015190977074,0.8582957936978125
layers:32+32-learn_rate:0.001-batch_size:128-dropout_rate:0.5-bathcnorm:True,2,0.5936989302601133,0.6987402331742323,0.7487217893830831,0.7730128212293625,0.8057209286728295,0.8291903734588256,0.8500553313734477
