config,fold,ep_0,ep_1,ep_2,ep_3,ep_4,ep_5,ep_6,ep_7,ep_8,ep_9,ep_10,ep_11,ep_12,ep_13,ep_14,ep_15,ep_16,ep_17,ep_18,ep_19,ep_20,ep_21,ep_22,ep_23,ep_24,ep_25,ep_26,ep_27,ep_28,ep_29
layers:32+32-learn_rate:0.001-batch_size:128-dropout_rate:0.5-bathcnorm:True,0,0.6308586901036464,0.6547706238764233,0.6923807621457265,0.7049337505825954,0.7093681336973168,0.7257029984242183,0.7187029762301085
layers:32+32-learn_rate:0.001-batch_size:128-dropout_rate:0.5-bathcnorm:True,1,0.6025313034861723,0.6226646248085759,0.6276957030898118,0.6510539591027835,0.6537879470317989,0.6646878659580219,0.6589676605711196
layers:32+32-learn_rate:0.001-batch_size:128-dropout_rate:0.5-bathcnorm:True,2,0.5266957931717864,0.6553373569948654,0.7090937753355554,0.6809476623727593,0.7385956220160347,0.7462661021529592,0.7551301684532925
