config,fold,ep_0,ep_1,ep_2,ep_3,ep_4,ep_5,ep_6,ep_7,ep_8,ep_9,ep_10,ep_11,ep_12,ep_13,ep_14,ep_15,ep_16,ep_17,ep_18,ep_19,ep_20,ep_21,ep_22,ep_23,ep_24,ep_25,ep_26,ep_27,ep_28,ep_29
layers:32+32-learn_rate:0.001-batch_size:128-dropout_rate:0.5-bathcnorm:True,0,0.5273320460749717,0.6015935370752602,0.6208802183900394,0.6786026588543401,0.6717713118938233,0.6706394122999756,0.6877377543999822,0.6959850855582929,0.6893756796946091,0.6831657678052245,0.6993053243669131,0.6878886743458287,0.7030872006569457,0.7163060123843132,0.7157866702177241,0.7000998734935748
layers:32+32-learn_rate:0.001-batch_size:128-dropout_rate:0.5-bathcnorm:True,1,0.6389649581118819,0.6764435636429149,0.7120890009909017,0.7070038735249077,0.7177236285019368,0.7221466534546437,0.723065489595532,0.7132510584632016,0.7236375101342221,0.7270741374650932,0.7225475182415999,0.7181920547698405,0.7262228628051526,0.7357355193225835,0.7332717773173588,0.7355688676695793
layers:32+32-learn_rate:0.001-batch_size:128-dropout_rate:0.5-bathcnorm:True,2,0.6579722547518241,0.6900234213133952,0.7031303486172418,0.7228853256463381,0.7275515719304567,0.7210701738582109,0.7247500225204936,0.7530717953337537,0.7520899018106475,0.7574768038915414,0.7586523736600307,0.7639041527790288,0.7684577965949014,0.7678857760562112,0.7601071975497704,0.7766417439870282
