config,fold,ep_0,ep_1,ep_2,ep_3,ep_4,ep_5,ep_6,ep_7,ep_8,ep_9,ep_10,ep_11,ep_12,ep_13,ep_14,ep_15,ep_16,ep_17,ep_18,ep_19,ep_20,ep_21,ep_22,ep_23,ep_24,ep_25,ep_26,ep_27,ep_28,ep_29
layers:32+32-learn_rate:0.001-batch_size:128-dropout_rate:0.5-bathcnorm:True,0,0.5698844698675795,0.6666876857940726,0.7206648049725249,0.7612039455904874,0.7963955949914422,0.8039208179443293,0.8255067111071074,0.8431819205476985,0.8477569588325375,0.8676616971444013,0.875618187550671,0.8881395820196378,0.8983092739392848,0.9129211332312405,0.9191671921448518,0.9320950815241871
layers:32+32-learn_rate:0.001-batch_size:128-dropout_rate:0.5-bathcnorm:True,1,0.6036367802729681,0.6874403371301461,0.7214395099540583,0.7658119180424989,0.7818356602318329,0.7933289366316049,0.810604621008037,0.8256089245593051,0.8428354254926728,0.8628318485149954,0.8785727859067081,0.8963906059623747,0.9058461228915393,0.9185443936463934,0.9283095427057599,0.9228445914979712
layers:32+32-learn_rate:0.001-batch_size:128-dropout_rate:0.5-bathcnorm:True,2,0.620795653972122,0.6926850806496685,0.7352740300242564,0.7827857949273986,0.8002649199092341,0.8228848324968422,0.8217435530566392,0.8440482444864243,0.863597545299069,0.8686410838242362,0.8765260839919071,0.8998278579492739,0.9055521400386761,0.9210505136316384,0.9212908418193403,0.9316953756385464
