config,fold,ep_0,ep_1,ep_2,ep_3,ep_4,ep_5,ep_6,ep_7,ep_8,ep_9,ep_10,ep_11,ep_12,ep_13,ep_14,ep_15,ep_16,ep_17,ep_18,ep_19,ep_20,ep_21,ep_22,ep_23,ep_24,ep_25,ep_26,ep_27,ep_28,ep_29
layers:32+32-learn_rate:0.001-batch_size:128-dropout_rate:0.5-bathcnorm:True,0,0.4592937834298777,0.5937235057815655,0.6662316621168743,0.7065583594114121,0.7423219477550658,0.7341389795148368,0.7476174623254987,0.7394500299620481,0.750769025900526,0.7638591117917305,0.7600062143507113,0.7303149344164059,0.7395077346472246,0.7423352642208758,0.7460549970037952,0.7381228222029873
layers:32+32-learn_rate:0.001-batch_size:128-dropout_rate:0.5-bathcnorm:True,1,0.5669399153229439,0.5940545896766057,0.6524997747950635,0.6719439690118009,0.7030717953337537,0.6998333483469958,0.6934645527429961,0.6932438519052339,0.7015899468516349,0.7075668858661381,0.7065039185658949,0.7140032429510855,0.7055985947211962,0.7008647869561301,0.7164985136474191,0.712836681380056
layers:32+32-learn_rate:0.001-batch_size:128-dropout_rate:0.5-bathcnorm:True,2,0.492919556796685,0.6093415007656968,0.6230609854968021,0.6689982884424827,0.6937663273578957,0.695198630753986,0.6997477704711287,0.7070489145122062,0.7074993243851905,0.7140933249256824,0.7212863705972435,0.7374560850373841,0.7474822088100171,0.7450454913971714,0.7461084586974146,0.7418340690027926
