config,fold,ep_0,ep_1,ep_2,ep_3,ep_4,ep_5,ep_6,ep_7,ep_8,ep_9,ep_10,ep_11,ep_12,ep_13,ep_14,ep_15,ep_16,ep_17,ep_18,ep_19,ep_20,ep_21,ep_22,ep_23,ep_24,ep_25,ep_26,ep_27,ep_28,ep_29
layers:32+32-learn_rate:0.001-batch_size:128-dropout_rate:0.5-bathcnorm:True,0,0.46947200213063456,0.5673391481900704,0.5971369598508556,0.6484586190824956,0.6716825354550902,0.6741372039860621,0.6819584082384534,0.6936325099318642,0.6824777504050423,0.6746432296868411,0.6866369265596911,0.7038018509887476,0.6985240917060612,0.7035266440286749,0.7121068868322348,0.713700423907495
layers:32+32-learn_rate:0.001-batch_size:128-dropout_rate:0.5-bathcnorm:True,1,0.5179398252409693,0.6160300873795153,0.640491847581299,0.6848437077740743,0.7026123772633097,0.709075758940636,0.7119403657328168,0.7336546257093955,0.7346185028375822,0.753558237996577,0.7439104585172506,0.7571885415728312,0.7503648319971175,0.7569318079452302,0.7598414557247094,0.7524502297090352
layers:32+32-learn_rate:0.001-batch_size:128-dropout_rate:0.5-bathcnorm:True,2,0.5537474101432305,0.6129042428610035,0.6598144311323304,0.6677348887487614,0.7076434555445457,0.7209080263039365,0.7135122961895325,0.7145707593910459,0.7235361679128007,0.7180704441041348,0.731159355013062,0.7292045761643096,0.7211197189442392,0.7373389784704081,0.7400909827943428,0.7461219709936042
