config,fold,ep_0,ep_1,ep_2,ep_3,ep_4,ep_5,ep_6,ep_7,ep_8,ep_9,ep_10,ep_11,ep_12,ep_13,ep_14,ep_15,ep_16,ep_17,ep_18,ep_19,ep_20,ep_21,ep_22,ep_23,ep_24,ep_25,ep_26,ep_27,ep_28,ep_29
layers:32+32-learn_rate:0.001-batch_size:128-dropout_rate:0.5-bathcnorm:True,0,0.6153218178542473,0.7049556346275111,0.7426892847491217,0.7585037384019457,0.7845498153319521,0.8058508242500676,0.8189115845419332,0.8307235834609494,0.8568147013782542,0.8677737366003063,0.8747072335825602,0.8915221601657509,0.8989730654895955,0.9076164309521665,0.916341996216557,0.9319791009818935
layers:32+32-learn_rate:0.001-batch_size:128-dropout_rate:0.5-bathcnorm:True,0,0.5986577785785064,0.6816480497252501,0.7533656877758761,0.7922788487523647,0.8235969732456535,0.8456557967750652,0.8529580668408253,0.861833393387983,0.8755866588595622,0.8900572020538691,0.8985795198630754,0.9122196198540672,0.9262442572741194,0.9367523196108458,0.9494809026213854,0.9538498783893343
layers:32+32-learn_rate:0.001-batch_size:128-dropout_rate:0.5-bathcnorm:True,1,0.6385676440012966,0.7441264908731179,0.7910799119169245,0.8165334615083667,0.8285118655056394,0.8518505270453047,0.8656263623254827,0.8877812678150255,0.8942220632454366,0.9116866567554577,0.9129553660254188,0.9271604386268876,0.9322017415410067,0.945463386280055,0.9508400308514324,0.9570930349537787
layers:32+32-learn_rate:0.001-batch_size:128-dropout_rate:0.5-bathcnorm:True,2,0.60465789561932,0.7103542325706175,0.7712902829165782,0.8099182884161813,0.8303473021763674,0.8432747230636815,0.8536848459105085,0.8706844323224646,0.8890399168352691,0.8984864913202402,0.9086473435351717,0.917527190619376,0.9274745419791866,0.9333754373414113,0.941586836722147,0.9422105722046479
