config,fold,ep_0,ep_1,ep_2,ep_3,ep_4,ep_5,ep_6,ep_7,ep_8,ep_9,ep_10,ep_11,ep_12,ep_13,ep_14,ep_15,ep_16,ep_17,ep_18,ep_19,ep_20,ep_21,ep_22,ep_23,ep_24,ep_25,ep_26,ep_27,ep_28,ep_29,ep_30,ep_31,ep_32,ep_33,ep_34,ep_35,ep_36,ep_37,ep_38,ep_39,ep_40,ep_41,ep_42,ep_43,ep_44,ep_45,ep_46,ep_47,ep_48,ep_49
layers:32+32-learn_rate:0.001-batch_size:128-dropout_rate:0.5-bathcnorm:True,0,0.6139245844152962,0.6441529618039372,0.669609605610671,0.6994384890250127,0.7162882570965665,0.7245133941451939,0.7339103801850988,0.7326941429744547,0.7308875424462347,0.7368044920877997,0.7413676010386843,0.7492021217568857,0.7502718778436203,0.75555851477018,0.7543733493130923,0.7573784317642098,0.7608185187651197,0.7469205672814435,0.7502452449120003,0.7565483720620547,0.7463657145393613,0.7534900237476972,0.7508844352708791,0.7532947155824845,0.7583150231928447,0.7697183567481191,0.7717335819073619,0.7705350999844641,0.7794349379674635,0.7714139867279223,0.7711831679872163,0.7720886876622944,0.7677874692056729,0.7631045120624986,0.7521894489202565,0.7652173913043478,0.7620436336196373,0.7535654837206205
layers:32+32-learn_rate:0.001-batch_size:128-dropout_rate:0.5-bathcnorm:True,1,0.5169759481127827,0.527686694892352,0.594685163498784,0.6310647689397351,0.6783037564183406,0.6737095757138997,0.67254301414287,0.6836771462030449,0.6884695072515989,0.7039140617962345,0.7050085577875866,0.7180479236104854,0.7035627420953068,0.7036167912800648,0.6979686514728403,0.6939104585172506,0.7172597063327628,0.7329880190973785,0.7285694982434016,0.7303351049455004,0.7220160345914783,0.7159895504909468,0.716039095576975,0.6997387622736689,0.7031528691108908,0.7103999639672102,0.7148590217097559,0.730375641834069,0.7203765426538149
layers:32+32-learn_rate:0.001-batch_size:128-dropout_rate:0.5-bathcnorm:True,2,0.571358436176921,0.6454688766777769,0.6601792631294479,0.6647419151427799,0.6790604450049544,0.6851589946851635,0.6831051256643544,0.6752409692820466,0.6843752815061706,0.6792856499414467,0.6761372849292856,0.6732006125574272,0.6817358796504819,0.6833843797856048,0.6786866048103775,0.6868570399063147
