config,fold,ep_0,ep_1,ep_2,ep_3,ep_4,ep_5,ep_6,ep_7,ep_8,ep_9,ep_10,ep_11,ep_12,ep_13,ep_14,ep_15,ep_16,ep_17,ep_18,ep_19,ep_20,ep_21,ep_22,ep_23,ep_24,ep_25,ep_26,ep_27,ep_28,ep_29
layers:32+32-learn_rate:0.001-batch_size:128-dropout_rate:0.5-bathcnorm:True,0,0.6327932168273128,0.7054308170435096,0.7600452661922349,0.7809442842987119,0.8018748310962978,0.8145561210701739,0.8403004233852808,0.8594023060985496,0.8647351589946852,0.8847457436267002,0.8942606521934962,0.9057584902261059
layers:32+32-learn_rate:0.001-batch_size:128-dropout_rate:0.5-bathcnorm:True,1,0.6504119113356659,0.7197672728898626,0.7712478063066589,0.7989895038061278,0.8329886766300398,0.8442561563139246,0.8701959513083914,0.8798683225092498,0.8880651904181711,0.896885793809593,0.9023909860162529,0.9103519969595689,0.9187087110584501,0.931979298241692,0.9387084874973453,0.9496640994399793
layers:32+32-learn_rate:0.001-batch_size:128-dropout_rate:0.5-bathcnorm:True,2,0.6123472798202568,0.6937715876191861,0.7378880182425861,0.7772459507494887,0.8061948782150881,0.8187087110584501,0.8435329361397704,0.8653547355831033,0.869786834486536,0.8796933859447134,0.8942142386067672,0.9078905891952919,0.9187657191401839,0.91616123226881,0.9268228613585808
