config,fold,ep_0,ep_1,ep_2,ep_3,ep_4,ep_5,ep_6,ep_7,ep_8,ep_9,ep_10,ep_11,ep_12,ep_13,ep_14,ep_15,ep_16,ep_17,ep_18,ep_19,ep_20,ep_21,ep_22,ep_23,ep_24,ep_25,ep_26,ep_27,ep_28,ep_29,ep_30,ep_31,ep_32,ep_33,ep_34,ep_35,ep_36,ep_37,ep_38,ep_39,ep_40,ep_41,ep_42,ep_43,ep_44,ep_45,ep_46,ep_47,ep_48,ep_49
layers:32+32-learn_rate:0.001-batch_size:128-dropout_rate:0.5-bathcnorm:True,0,0.6062438068642464,0.6598166831816954,0.7206760652193497,0.7612501126024682,0.786540626970543,0.796544230249527,0.8217581749391948,0.8307596162507882,0.8464710386451672,0.8555017565985047,0.8688034861724169,0.881257319160436,0.8885168002882622,0.8996712007927213,0.9090577425457166,0.9219822538510044,0.9263928925322042,0.9368052427709215,0.9406528691108909,0.9384503648319971,0.9423081253941087,0.9437787136294027,0.94768939735159,0.9562415548148815,0.9581107557877668,0.9608582560129718,0.9643309161336816,0.9697493469056843,0.9710149986487704,0.9738615890460318,0.9754357715521124,0.9765156292225925,0.9802731735879651,0.9800704891451221,0.9847761462931267,0.9865079722547517,0.9891862219619854,0.9898331231420593
layers:32+32-learn_rate:0.001-batch_size:128-dropout_rate:0.5-bathcnorm:True,1,0.5318172164406837,0.6406568225260169,0.7270956059064844,0.7607862644057186,0.7908608220341826,0.8051882943405508,0.821214831043695,0.8497490526598184,0.8607270207129363,0.8763953007455763,0.8837459898726819,0.9039883301103275,0.923572282894222,0.922195146488414,0.9407551894121461,0.9477873039648562,0.9517409821039335,0.9639027062071741,0.969523032382826,0.9712712802226668,0.9764690759101732,0.978751634790579,0.9791082147527973,0.985500944545668,0.987090464001073,0.9849364527559494,0.9896401784017617,0.9899207475883347,0.9898525614513587
layers:32+32-learn_rate:0.001-batch_size:128-dropout_rate:0.5-bathcnorm:True,2,0.6291221873218497,0.7417556253563006,0.7859234750338135,0.8150400733280423,0.8427571791059791,0.8708319826516582,0.8896854495254916,0.8959183331284023,0.9085031466225505,0.9165591710354233,0.9271783235152747,0.9328321838566527,0.9433194352846492,0.9548071226568001,0.9601211701188228,0.96288103195806
