config,fold,ep_0,ep_1,ep_2,ep_3,ep_4,ep_5,ep_6,ep_7,ep_8,ep_9,ep_10,ep_11,ep_12,ep_13,ep_14,ep_15,ep_16,ep_17,ep_18,ep_19,ep_20,ep_21,ep_22,ep_23,ep_24,ep_25,ep_26,ep_27,ep_28,ep_29
layers:32+32-learn_rate:0.001-batch_size:128-dropout_rate:0.5-bathcnorm:True,0,0.675850589253612,0.6847903766340413,0.7086224116119582,0.7088088421332978,0.7106953414563775,0.7176820471846772,0.7400004438821937,0.7434272144172936,0.7484342055618438,0.7618882748518543,0.7694919768293493,0.7702421377366447
layers:32+32-learn_rate:0.001-batch_size:128-dropout_rate:0.5-bathcnorm:True,1,0.5456265201333214,0.6052923160075669,0.6099360417980362,0.6300963877128187,0.6485857129988288,0.6556076029186559,0.6469191964687866,0.6572651112512387,0.6666156202143951,0.6761462931267453,0.6849653184397801,0.6849743266372399,0.6778938834339249,0.6814566255292316,0.6816457976758852,0.6865372488964958
layers:32+32-learn_rate:0.001-batch_size:128-dropout_rate:0.5-bathcnorm:True,2,0.5248581208900099,0.5871137735339158,0.6220205386902081,0.6625979641473742,0.6778623547428159,0.6847446176020179,0.6988289343302405,0.6826412034951806,0.7067111071074678,0.7233672642104314,0.7201513377173228,0.7207954238356905,0.7306503918565895,0.7232816863345645,0.71156202143951
