config,ep_0,ep_2,ep_4
layers:64+64-learn_rate:0.001-batch_size:128-dropout_rate:0.5-bathcnorm:True,0,0.7978127240334041,0.8069635560011025,0.8083254406874706
layers:32+32-learn_rate:0.001-batch_size:128-dropout_rate:0.5-bathcnorm:True,0,0.7903569437117046,0.7997124941339895,0.8016543310767013
layers:128+64+32-learn_rate:0.001-batch_size:128-dropout_rate:0.5-bathcnorm:True,0,0.7969357032616831,0.8079900637386279,0.810273821758634
layers:32+32-learn_rate:0.001-batch_size:128-dropout_rate:0.5-bathcnorm:True,1,0.7931155323874843,0.8001649540450645,0.8031867540196186
layers:64+64-learn_rate:0.001-batch_size:128-dropout_rate:0.5-bathcnorm:True,1,0.7952072603467588,0.8025073166661832,0.8072083835594239
layers:128+64+32-learn_rate:0.001-batch_size:128-dropout_rate:0.5-bathcnorm:True,1,0.7957199122308098,0.8056557301013576,0.8092795817796805
layers:64+64-learn_rate:0.001-batch_size:128-dropout_rate:0.5-bathcnorm:True,2,0.7959796267518706,0.8038504494300958,0.8074424359524428
layers:32+32-learn_rate:0.001-batch_size:128-dropout_rate:0.5-bathcnorm:True,2,0.7948027477996504,0.8022718811970957,0.8037366278630147
layers:128+64+32-learn_rate:0.001-batch_size:128-dropout_rate:0.5-bathcnorm:True,2,0.7949213931835318,0.8042996600360017,0.8074879509830349
