config,ep_0,ep_2,ep_4
layers:64+64-learn_rate:0.001-batch_size:128-dropout_rate:0.5-bathcnorm:True,0,0.7981386963214288,0.809359520976283,0.812289764553017
layers:32+32-learn_rate:0.001-batch_size:128-dropout_rate:0.5-bathcnorm:True,0,0.7957038208074323,0.8064723076841154,0.8094188429696735
layers:128+64+32-learn_rate:0.001-batch_size:128-dropout_rate:0.5-bathcnorm:True,0,0.7977096069164967,0.8108969444420548,0.8142012981713803
layers:32+32-learn_rate:0.001-batch_size:128-dropout_rate:0.5-bathcnorm:True,1,0.7966206342724708,0.8056188942704879,0.8084581500206837
layers:64+64-learn_rate:0.001-batch_size:128-dropout_rate:0.5-bathcnorm:True,1,0.8000939218251898,0.809297056819125,0.8143534108160438
layers:128+64+32-learn_rate:0.001-batch_size:128-dropout_rate:0.5-bathcnorm:True,1,0.799011148717647,0.8106036188739112,0.8155432296961088
layers:64+64-learn_rate:0.001-batch_size:128-dropout_rate:0.5-bathcnorm:True,2,0.7988230987820532,0.8091264819357322,0.8134300902595484
layers:32+32-learn_rate:0.001-batch_size:128-dropout_rate:0.5-bathcnorm:True,2,0.792739480349645,0.8014769211721036,0.8039112641585675
layers:128+64+32-learn_rate:0.001-batch_size:128-dropout_rate:0.5-bathcnorm:True,2,0.7999881265320272,0.8115661482419486,0.8156000977549352
